{
  "variable": "priority_score",
  "neighborhoods": 70,
  "knn_neighbors": 5,
  "permutations": 999,
  "random_state": 42,
  "morans_i": 0.25539226824213934,
  "expected_i_under_randomization": -0.014492753623188406,
  "permutation_p_value_two_sided": 0.001,
  "permutation_i_p05": -0.11800148876327277,
  "permutation_i_p95": 0.10249434471935313
}
